"record_id","company","product","sku","cabinet_type","door_type","cabinet_size_u","depth","load_capacity_kg","price","normalized_price_usd","currency","price_per_u","normalized_price_per_unit","source_url","country","size_category","predicted_price","price_ratio","market_segment"
"TDK_001","TDK Solutions","Giganet","60100","Network Data Cabinet","Mesh",22,600,800,29000,223.3,"KSH",1318,10.2,"tdk.co.ke","Kenya","Large",310.133308123949,0.720012956205127,"Budget"
"TDK_002","TDK Solutions","Easenet","60001","Network Data Cabinet","Mesh",9,600,90,12000,92.4,"KSH",1333,10.3,"tdk.co.ke","Kenya","Small",133.991544662123,0.68959575197822,"Budget"
"TDK_003","TDK Solutions","Easenet","60102","Network Data Cabinet","Mesh",9,450,90,9500,73.15,"KSH",1056,8.1,"tdk.co.ke","Kenya","Small",123.144687052409,0.594016694921384,"Budget"
"TDK_004","TDK Solutions","Easenet","60033","Server cabinet","Glass",42,600,800,48000,369.6,"KSH",1143,8.8,"tdk.co.ke","Kenya","Enterprise",439.077116013643,0.841765572652882,"Mid-market"
"TDK_005","TDK Solutions","Easenet","60054","Network Data Cabinet","Mesh",42,800,1000,45000,346.5,"KSH",1071,8.2,"tdk.co.ke","Kenya","Enterprise",584.042547932323,0.593278693866926,"Budget"
"TDK_006","TDK Solutions","Easenet","60000","Network Data Cabinet","Mesh",42,1000,1000,59000,454.3,"KSH",1405,10.8,"tdk.co.ke","Kenya","Enterprise",653.622167332424,0.695049866276872,"Budget"
"TDK_007","TDK Solutions","Easenet","60111","Network Data Cabinet","Mesh",22,1000,800,45000,346.5,"KSH",2045,15.8,"tdk.co.ke","Kenya","Large",388.430195321213,0.892052173527502,"Mid-market"
"TDK_008","TDK Solutions","Easenet","60002","Network Data Cabinet","Mesh",18,600,600,27500,211.75,"KSH",1528,11.8,"tdk.co.ke","Kenya","Medium",243.404461966761,0.869951184497661,"Mid-market"
"TDK_009","TDK Solutions","Giganet","60113","Wall Mounted","Glass",18,450,60,22000,169.4,"KSH",1222,9.4,"tdk.co.ke","Kenya","Medium",140.316597721315,1.20726986508359,"Premium"
"TDK_010","TDK Solutions","Giganet","60094","Network Data Cabinet","Mesh",22,800,800,33000,254.1,"KSH",1500,11.6,"tdk.co.ke","Kenya","Large",347.080886034076,0.732106002446509,"Budget"
"TDK_011","TDK Solutions","Giganet","60005","Network Data Cabinet","Mesh",42,1000,1000,89000,685.3,"KSH",2119,16.3,"tdk.co.ke","Kenya","Enterprise",653.622167332424,1.04846505251935,"Mid-market"
"TDK_012","TDK Solutions","Giganet","60556","Network Data Cabinet","Mesh",42,800,800,45000,346.5,"KSH",1071,8.2,"tdk.co.ke","Kenya","Enterprise",491.38635055089,0.705147791776351,"Budget"
"TDK_013","TDK Solutions","Easenet","60007","Network Data Cabinet","Mesh",22,1000,800,49000,377.3,"KSH",2227,17.2,"tdk.co.ke","Kenya","Large",388.430195321213,0.97134570006328,"Mid-market"
"TDK_014","TDK Solutions","Easenet","60098","Network Data Cabinet","Glass",22,800,800,36000,277.2,"KSH",1636,12.6,"tdk.co.ke","Kenya","Large",347.080886034076,0.79866109357801,"Budget"
"TDK_015","TDK Solutions","Bolein","60009","Network Data Cabinet","Glass",22,600,600,30000,231,"KSH",1364,10.5,"tdk.co.ke","Kenya","Large",260.931801977142,0.885288792894,"Mid-market"
"TDK_016","TDK Solutions","Bolein","60010","Wall Mounted","Glass",18,600,600,28000,215.6,"KSH",1556,12,"tdk.co.ke","Kenya","Medium",243.404461966761,0.885768478761255,"Mid-market"
"TDK_017","TDK Solutions","Bolein","60221","Wall Mounted","Glass",9,600,60,19000,146.3,"KSH",2111,16.3,"tdk.co.ke","Kenya","Small",130.564221625466,1.12052136625662,"Mid-market"
"TDK_018","TDK Solutions","Easenet","60012","Wall Mounted","Mesh",9,450,60,15500,119.35,"KSH",1722,13.3,"tdk.co.ke","Kenya","Small",119.994812007376,0.99462633428405,"Mid-market"
"TDK_019","TDK Solutions","Easenet","60013","Wall Mounted","Mesh",42,800,1000,78000,600.6,"KSH",1857,14.3,"tdk.co.ke","Kenya","Enterprise",584.042547932323,1.02834973603601,"Mid-market"
"TDK_020","TDK Solutions","Easenet","60214","Outdoor Network Cabinet","Solid",42,1000,1200,95000,731.5,"KSH",2262,17.4,"tdk.co.ke","Kenya","Enterprise",776.869678137998,0.941599370634802,"Mid-market"
"TDK_021","TDK Solutions","Easenet","60015","Outdoor Network Cabinet","Solid",22,600,40,5500,42.35,"KSH",250,1.9,"tdk.co.ke","Kenya","Large",160.867050277897,0.263260872421298,"Budget"
"TDK_022","TDK Solutions","Easenet","60116","Outdoor Network Cabinet","Solid",9,600,45,29500,227.15,"KSH",3278,25.2,"tdk.co.ke","Kenya","Small",128.883576481201,1.7624433322048,"Premium"
"SHI_001","Shopit","Easenet","49","Network Data Cabinet","Mesh",42,1000,1200,62000,477.4,"KSH",1476,11.4,"shopit.co.ke","Kenya","Enterprise",776.869678137998,0.614517483993239,"Budget"
"SHI_002","Shopit","Easenet","43","Network Data Cabinet","Mesh",42,800,600,64500,496.65,"KSH",1536,11.8,"shopit.co.ke","Kenya","Enterprise",413.429717342618,1.20129245471829,"Premium"
"SHI_003","Shopit","Easenet","14256","Network Data Cabinet","Mesh",42,800,800,73000,562.1,"KSH",1738,13.4,"shopit.co.ke","Kenya","Enterprise",491.38635055089,1.14390641777053,"Mid-market"
"SHI_004","Shopit","Easenet","14567","Network Data Cabinet","Mesh",42,1000,1000,88000,677.6,"KSH",2095,16.1,"shopit.co.ke","Kenya","Enterprise",653.622167332424,1.03668454631127,"Mid-market"
"SHI_005","Shopit","Easenet","14568","Server cabinet","Mesh",22,1000,600,50000,385,"KSH",2273,17.5,"shopit.co.ke","Kenya","Large",326.807176631894,1.17806470459996,"Mid-market"
"SHI_006","Shopit","Easenet","14569","Server cabinet","Mesh",9,450,45,14500,111.65,"KSH",1611,12.4,"shopit.co.ke","Kenya","Small",118.450218123795,0.942590075126012,"Mid-market"
"SHI_007","Shopit","APS","14570","Wall Mounted","Glass",9,600,60,18000,138.6,"KSH",2000,15.4,"shopit.co.ke","Kenya","Small",130.564221625466,1.06154655750628,"Mid-market"
"SHI_008","Shopit","APS","14571","Wall Mounted","Glass",9,600,60,14500,111.65,"KSH",1611,12.4,"shopit.co.ke","Kenya","Small",130.564221625466,0.855134726880055,"Mid-market"
"SHI_009","Shopit","Bolein","23505","Wall Mounted","Glass",9,450,60,14500,111.65,"KSH",1611,12.4,"shopit.co.ke","Kenya","Small",119.994812007376,0.930456893362499,"Mid-market"
"SHI_010","Shopit","Trip Lite","13696","Wall Mounted","Mesh",9,600,100,35000,269.5,"KSH",3889,29.9,"shopit.co.ke","Kenya","Small",135.153863096329,1.99402365441761,"Premium"
"SHI_011","Shopit","CWM","23508","Wall Mounted","Glass",9,600,90,35000,269.5,"KSH",3889,29.9,"shopit.co.ke","Kenya","Small",133.991544662123,2.01132094326981,"Premium"
"SHI_012","Shopit","Easenet","23400","Wall Mounted","Glass",9,450,45,14500,111.65,"KSH",1611,12.4,"shopit.co.ke","Kenya","Small",118.450218123795,0.942590075126012,"Mid-market"
"SHI_013","Shopit","APKR","23457","Network Data Cabinet","Glass",9,450,45,14500,111.65,"KSH",1611,12.4,"shopit.co.ke","Kenya","Small",118.450218123795,0.942590075126012,"Mid-market"
"SHI_014","Shopit","Easenet","23333","Network Data Cabinet","Glass",22,800,800,40000,308,"KSH",1818,14,"shopit.co.ke","Kenya","Large",347.080886034076,0.887401215086678,"Mid-market"
"SHI_015","Shopit","Easenet","23517","Network Data Cabinet","Glass",22,1000,100,45000,346.5,"KSH",2045,15.8,"shopit.co.ke","Kenya","Large",212.196438027346,1.63292090678424,"Premium"
"SHI_016","Shopit","Bolein","23516","Network Data Cabinet","Glass",22,600,600,32000,246.4,"KSH",1455,11.2,"shopit.co.ke","Kenya","Large",260.931801977142,0.9443080457536,"Mid-market"
"SHI_017","Shopit","Easenet","23467","Network Data Cabinet","Glass",22,1000,800,50000,385,"KSH",2273,17.5,"shopit.co.ke","Kenya","Large",388.430195321213,0.991169081697225,"Mid-market"
"SHI_018","Shopit","Easenet","23444","Network Data Cabinet","Mesh",22,800,800,35000,269.5,"KSH",1591,12.3,"shopit.co.ke","Kenya","Large",347.080886034076,0.776476063200843,"Budget"
"SHI_019","Shopit","Easenet","23546","Network Data Cabinet","Mesh",22,600,600,35000,269.5,"KSH",1591,12.3,"shopit.co.ke","Kenya","Large",260.931801977142,1.032836925043,"Mid-market"
"SHI_020","Shopit","APKR","23777","Network Data Cabinet","Mesh",22,600,600,28500,219.45,"KSH",1295,10,"shopit.co.ke","Kenya","Large",260.931801977142,0.8410243532493,"Mid-market"
"SHI_021","Shopit","Bolein","1509","Network Data Cabinet","Solid",18,800,75,36000,277.2,"KSH",2000,15.4,"shopit.co.ke","Kenya","Medium",173.093058038599,1.60145070600224,"Premium"
"SHI_022","Shopit","Bolein","23514","Network Data Cabinet","Mesh",18,600,600,31000,238.7,"KSH",1722,13.3,"shopit.co.ke","Kenya","Medium",243.404461966761,0.980672244342818,"Mid-market"
"SHI_023","Shopit","Bolein","19824","Network Data Cabinet","Glass",18,600,600,29000,223.3,"KSH",1611,12.4,"shopit.co.ke","Kenya","Medium",243.404461966761,0.917403067288443,"Mid-market"
"SHI_024","Shopit","Bolein","23515","Network Data Cabinet","Glass",18,800,800,31000,238.7,"KSH",1722,13.3,"shopit.co.ke","Kenya","Medium",323.766730172169,0.737259198537992,"Budget"
"SHI_025","Shopit","Easenet","1510","Network Data Cabinet","Glass",18,450,60,20000,154,"KSH",1111,8.6,"shopit.co.ke","Kenya","Medium",140.316597721315,1.0975180591669,"Mid-market"
"SHI_026","Shopit","Giganet","14687","Network Data Cabinet","Mesh",42,800,800,70000,539,"KSH",1667,12.8,"shopit.co.ke","Kenya","Enterprise",491.38635055089,1.09689656498543,"Mid-market"
"SHI_027","Shopit","Giganet","14686","Network Data Cabinet","Glass",42,600,600,56000,431.2,"KSH",1333,10.3,"shopit.co.ke","Kenya","Enterprise",369.419150046848,1.16723781088587,"Mid-market"
"SHI_028","Shopit","Giganet","14560","Server cabinet","Mesh",42,800,800,73000,562.1,"KSH",1738,13.4,"shopit.co.ke","Kenya","Enterprise",491.38635055089,1.14390641777053,"Mid-market"
"SHI_029","Shopit","Easenet","14555","Server cabinet","Glass",42,800,800,54000,415.8,"KSH",1286,9.9,"shopit.co.ke","Kenya","Enterprise",491.38635055089,0.846177350131621,"Mid-market"
"SHI_030","Shopit","Bolein","23524","Network Data Cabinet","Glass",42,1000,1000,70000,539,"KSH",1667,12.8,"shopit.co.ke","Kenya","Enterprise",653.622167332424,0.82463543456578,"Mid-market"
"SHI_031","Shopit","Bolein","23523","Network Data Cabinet","Glass",42,800,800,56000,431.2,"KSH",1333,10.3,"shopit.co.ke","Kenya","Enterprise",491.38635055089,0.877517251988348,"Mid-market"
"SHI_032","Shopit","Giganet","14688","Network Data Cabinet","Glass",42,800,800,58000,446.6,"KSH",1381,10.6,"shopit.co.ke","Kenya","Enterprise",491.38635055089,0.908857153845075,"Mid-market"
"SHI_033","Shopit","Giganet","14689","Network Data Cabinet","Mesh",42,800,1000,70400,542.08,"KSH",1676,12.9,"shopit.co.ke","Kenya","Enterprise",584.042547932323,0.928151556627369,"Mid-market"
"SHI_034","Shopit","Bolein","23522","Network Data Cabinet","Glass",42,600,800,53000,408.1,"KSH",1262,9.7,"shopit.co.ke","Kenya","Enterprise",439.077116013643,0.929449486470891,"Mid-market"
"SHI_035","Shopit","Giganet","14685","Network Data Cabinet","Mesh",42,600,600,51500,396.55,"KSH",1226,9.4,"shopit.co.ke","Kenya","Enterprise",369.419150046848,1.07344191536825,"Mid-market"
"SHI_036","Shopit","Easenet","14683","Network Data Cabinet","Glass",42,600,800,52000,400.4,"KSH",1238,9.5,"shopit.co.ke","Kenya","Enterprise",439.077116013643,0.911912703707289,"Mid-market"
"SHI_037","Shopit","Easenet","14680","Server cabinet","Mesh",42,1000,1000,88000,677.6,"KSH",2095,16.1,"shopit.co.ke","Kenya","Enterprise",653.622167332424,1.03668454631127,"Mid-market"
"SHI_038","Shopit","Giganet","19692","Server cabinet","Glass",42,1000,1000,66000,508.2,"KSH",1571,12.1,"shopit.co.ke","Kenya","Enterprise",653.622167332424,0.77751340973345,"Budget"
"SHI_039","Shopit","Giganet","14690","Server cabinet","Glass",42,800,800,70400,542.08,"KSH",1676,12.9,"shopit.co.ke","Kenya","Enterprise",491.38635055089,1.10316454535678,"Mid-market"
"SHI_040","Shopit","Giganet","14684","Open Frame","Unknown",42,600,800,40000,308,"KSH",952,7.3,"shopit.co.ke","Kenya","Enterprise",439.077116013643,0.701471310544068,"Budget"
"SHI_041","Shopit","Vertiv Liebert","VR3150","Server cabinet","Mesh",42,800,1360,265000,2040.5,"KSH",6310,48.6,"shopit.co.ke","Kenya","Enterprise",797.045297310535,2.56008034535207,"Premium"
"Tron_001","Tronik","Easenet","5877845","Outdoor Network Cabinet","Solid",9,600,90,28000,215.6,"KSH",3111,24,"tronik.co.ke","Kenya","Small",133.991544662123,1.60905675461585,"Premium"
"Tron_002","Tronik","Easenet","5877820","Wall Mounted","Glass",9,600,75,15700,120.89,"KSH",1744,13.4,"tronik.co.ke","Kenya","Small",132.266782425536,0.913986095247001,"Mid-market"
"Tron_003","Tronik","Molex","5877700","Wall Mounted","Glass",9,450,45,12500,96.25,"KSH",1389,10.7,"tronik.co.ke","Kenya","Small",118.450218123795,0.8125776509707,"Mid-market"
"Tron_004","Tronik","Molex","5877850","Outdoor Network Cabinet","Solid",22,600,600,51500,396.55,"KSH",2341,18,"tronik.co.ke","Kenya","Large",260.931801977142,1.5197457611347,"Premium"
"Tron_005","Tronik","Arnet","5877890","Wall Mounted","Glass",18,450,500,21000,161.7,"KSH",1167,9,"tronik.co.ke","Kenya","Medium",205.189967084772,0.788050226321229,"Budget"
"Tron_006","Tronik","Arnet","5877843","Wall Mounted","Glass",9,450,45,11500,88.55,"KSH",1278,9.8,"tronik.co.ke","Kenya","Small",118.450218123795,0.747571438893044,"Budget"
"Tron_007","Tronik","Easenet","5877900","Network Data Cabinet","Glass",22,800,800,32000,246.4,"KSH",1455,11.2,"tronik.co.ke","Kenya","Large",347.080886034076,0.709920972069343,"Budget"
"Tron_008","Tronik","Molex","5877844","Network Data Cabinet","Solid",42,600,800,48000,369.6,"KSH",1143,8.8,"tronik.co.ke","Kenya","Enterprise",439.077116013643,0.841765572652882,"Mid-market"
"Tron_009","Tronik","Easenet","5877846","Network Data Cabinet","Glass",22,1000,800,42000,323.4,"KSH",1909,14.7,"tronik.co.ke","Kenya","Large",388.430195321213,0.832582028625669,"Mid-market"
"Tron_010","Tronik","Arnet","5877730","Outdoor Network Cabinet","Solid",18,600,600,49000,377.3,"KSH",2722,21,"tronik.co.ke","Kenya","Medium",243.404461966761,1.5500948378322,"Premium"
"Tron_011","Tronik","Arnet","5877888","Outdoor Network Cabinet","Solid",42,600,1300,101000,777.7,"KSH",2405,18.5,"tronik.co.ke","Kenya","Enterprise",676.229789444445,1.15005285501977,"Mid-market"
"Tron_012","Tronik","Molex","5877867","Network Data Cabinet","Glass",42,1000,1000,85000,654.5,"KSH",2024,15.6,"tronik.co.ke","Kenya","Enterprise",653.622167332424,1.00134302768702,"Mid-market"
"Tron_013","Tronik","Easenet","5877777","Network Data Cabinet","Glass",22,600,600,25000,192.5,"KSH",1136,8.8,"tronik.co.ke","Kenya","Large",260.931801977142,0.737740660745,"Budget"
"Tron_014","Tronik","Easenet","5877864","Wall Mounted","Glass",18,600,600,22000,169.4,"KSH",1222,9.4,"tronik.co.ke","Kenya","Medium",243.404461966761,0.695960947598129,"Budget"
"Tron_015","Tronik","Molex","5877854","Outdoor Network Cabinet","Solid",9,600,90,28000,215.6,"KSH",3111,24,"tronik.co.ke","Kenya","Small",133.991544662123,1.60905675461585,"Premium"
"Tron_016","Tronik","Arnet","5877855","Outdoor Network Cabinet","Glass",22,600,600,51500,396.55,"KSH",2341,18,"tronik.co.ke","Kenya","Large",260.931801977142,1.5197457611347,"Premium"
"Tron_017","Tronik","Molex","5877899","Wall Mounted","Glass",18,450,500,20000,154,"KSH",1111,8.6,"tronik.co.ke","Kenya","Medium",205.189967084772,0.750524025067837,"Budget"
"Tron_018","Tronik","Easenet","5877790","Network Data Cabinet","Glass",42,800,800,55000,423.5,"KSH",1310,10.1,"tronik.co.ke","Kenya","Enterprise",491.38635055089,0.861847301059985,"Mid-market"
"Tron_019","Tronik","Easenet","5877789","Server cabinet","Glass",22,1000,800,47000,361.9,"KSH",2136,16.5,"tronik.co.ke","Kenya","Large",388.430195321213,0.931698936795391,"Mid-market"
"Tron_020","Tronik","Molex","5877844","Network Data Cabinet","Glass",22,800,800,35000,269.5,"KSH",1591,12.3,"tronik.co.ke","Kenya","Large",347.080886034076,0.776476063200843,"Budget"
"Tron_021","Tronik","Arnet","5877843","Network Data Cabinet","Glass",42,800,800,68000,523.6,"KSH",1619,12.5,"tronik.co.ke","Kenya","Enterprise",491.38635055089,1.06555666312871,"Mid-market"
"Tron_022","Tronik","Arnet","5877765","Network Data Cabinet","Mesh",42,600,600,48000,369.6,"KSH",1143,8.8,"tronik.co.ke","Kenya","Enterprise",369.419150046848,1.00048955218789,"Mid-market"
"HS_001","HubtechShop","Easenet","TC48650","Wall Mounted","Glass",9,450,45,15000,115.5,"KSH",1667,12.8,"techyshop.co.ke","Kenya","Small",118.450218123795,0.975093181164839,"Mid-market"
"HS_002","HubtechShop","Easenet","TC48646","Wall Mounted","Glass",9,600,60,19000,146.3,"KSH",2111,16.3,"techyshop.co.ke","Kenya","Small",130.564221625466,1.12052136625662,"Mid-market"
"HS_003","HubtechShop","Generic","TC45150","Wall Mounted","Glass",9,600,60,18000,138.6,"KSH",2000,15.4,"techyshop.co.ke","Kenya","Small",130.564221625466,1.06154655750628,"Mid-market"
"HS_004","HubtechShop","Trip Lite","23379","Data Rack","Glass",9,450,45,22000,169.4,"KSH",2444,18.8,"techyshop.co.ke","Kenya","Small",118.450218123795,1.43013666570843,"Premium"
"HS_005","HubtechShop","Generic","21762","Outdoor Network Cabinet","Solid",9,600,90,28000,215.6,"KSH",3111,24,"techyshop.co.ke","Kenya","Small",133.991544662123,1.60905675461585,"Premium"
"HS_006","HubtechShop","Easenet","TC48571","Network Data Cabinet","Glass",18,450,500,25000,192.5,"KSH",1389,10.7,"techyshop.co.ke","Kenya","Medium",205.189967084772,0.938155031334797,"Mid-market"
"HS_007","HubtechShop","Easenet","TC48567","Network Data Cabinet","Glass",18,600,600,28000,215.6,"KSH",1556,12,"techyshop.co.ke","Kenya","Medium",243.404461966761,0.885768478761255,"Mid-market"
"HS_008","HubtechShop","Generic","21759","Network Data Cabinet","Solid",18,600,600,52000,400.4,"KSH",2889,22.2,"techyshop.co.ke","Kenya","Medium",243.404461966761,1.64499860341376,"Premium"
"HS_009","HubtechShop","Generic","5850","Network Data Cabinet","Glass",18,1000,800,55000,423.5,"KSH",3056,23.5,"techyshop.co.ke","Kenya","Medium",362.338519059038,1.16879651961871,"Mid-market"
"HS_010","HubtechShop","Generic","179","Network Data Cabinet","Glass",18,600,600,27000,207.9,"KSH",1500,11.6,"techyshop.co.ke","Kenya","Medium",243.404461966761,0.854133890234067,"Mid-market"
"HS_011","HubtechShop","Generic","177","Network Data Cabinet","Glass",18,800,600,28000,215.6,"KSH",1556,12,"techyshop.co.ke","Kenya","Medium",272.402331871774,0.791476337660309,"Budget"
"HS_012","HubtechShop","Easenet","TC48547","Network Data Cabinet","Perforated",22,1000,800,45000,346.5,"KSH",2045,15.8,"techyshop.co.ke","Kenya","Large",388.430195321213,0.892052173527502,"Mid-market"
"HS_013","HubtechShop","Easenet","TC48541","Network Data Cabinet","Glass",22,800,600,35000,269.5,"KSH",1591,12.3,"techyshop.co.ke","Kenya","Large",292.017782844851,0.922889001397513,"Mid-market"
"HS_014","HubtechShop","Easenet","TC48537","Network Data Cabinet","Glass",22,600,500,30000,231,"KSH",1364,10.5,"techyshop.co.ke","Kenya","Large",239.340566359992,0.965151890100204,"Mid-market"
"HS_015","HubtechShop","Generic","21755","Outdoor Network Cabinet","Perforated",22,600,600,55000,423.5,"KSH",2500,19.3,"techyshop.co.ke","Kenya","Large",260.931801977142,1.623029453639,"Premium"
"HS_016","HubtechShop","Generic","4221","Data Rack","Glass",22,600,600,29000,223.3,"KSH",1318,10.2,"techyshop.co.ke","Kenya","Large",260.931801977142,0.8557791664642,"Mid-market"
"HS_017","HubtechShop","Generic","184","Data Rack","Glass",22,800,600,35000,269.5,"KSH",1591,12.3,"techyshop.co.ke","Kenya","Large",292.017782844851,0.922889001397513,"Mid-market"
"HS_018","HubtechShop","Generic","185","Data Rack","Glass",22,1000,800,46000,354.2,"KSH",2091,16.1,"techyshop.co.ke","Kenya","Large",388.430195321213,0.911875555161447,"Mid-market"
"HS_019","HubtechShop","Easenet","TC48629","Network Data Cabinet","Mesh",42,800,800,84000,646.8,"KSH",2000,15.4,"techyshop.co.ke","Kenya","Enterprise",491.38635055089,1.31627587798252,"Premium"
"HS_020","HubtechShop","Easenet","TC48625","Server cabinet","Glass",42,1000,800,70000,539,"KSH",1667,12.8,"techyshop.co.ke","Kenya","Enterprise",549.927419811648,0.9801293417677,"Mid-market"
"HS_021","HubtechShop","Easenet","TC48622","Server cabinet","Glass",42,800,800,68000,523.6,"KSH",1619,12.5,"techyshop.co.ke","Kenya","Enterprise",491.38635055089,1.06555666312871,"Mid-market"
"HS_022","HubtechShop","Easenet","TC48618","Network Data Cabinet","Perforated",42,1000,800,65000,500.5,"KSH",1548,11.9,"techyshop.co.ke","Kenya","Enterprise",549.927419811648,0.910120103070007,"Mid-market"
"HS_023","HubtechShop","Easenet","TC48614","Network Data Cabinet","Glass",42,800,800,55000,423.5,"KSH",1310,10.1,"techyshop.co.ke","Kenya","Enterprise",491.38635055089,0.861847301059985,"Mid-market"
"HS_024","HubtechShop","Giganet","TC48610","Network Data Cabinet","Glass",42,600,600,48000,369.6,"KSH",1143,8.8,"techyshop.co.ke","Kenya","Enterprise",369.419150046848,1.00048955218789,"Mid-market"
"HS_025","HubtechShop","Giganet","23400","Server cabinet","Glass",42,1000,1000,155000,1193.5,"KSH",3690,28.4,"techyshop.co.ke","Kenya","Enterprise",653.622167332424,1.8259784622528,"Premium"
"HS_026","HubtechShop","Easenet","23397","Network Data Cabinet","Glass",42,800,800,135000,1039.5,"KSH",3214,24.8,"techyshop.co.ke","Kenya","Enterprise",491.38635055089,2.11544337532905,"Premium"
"HS_027","HubtechShop","Trip Lite","23376","Server cabinet","Glass",42,800,1200,190000,1463,"KSH",4524,34.8,"techyshop.co.ke","Kenya","Enterprise",694.170070887943,2.10755268968685,"Premium"
"HS_028","HubtechShop","Generic","21749","Outdoor Network Cabinet","Solid",42,600,1000,115000,885.5,"KSH",2738,21.1,"techyshop.co.ke","Kenya","Enterprise",521.869842920731,1.69678323438686,"Premium"
"HS_029","HubtechShop","Generic","4231","Server cabinet","Glass",42,800,800,73000,562.1,"KSH",1738,13.4,"techyshop.co.ke","Kenya","Enterprise",491.38635055089,1.14390641777053,"Mid-market"
"HS_030","HubtechShop","Generic","4229","Server cabinet","Glass",42,1000,1000,83000,639.1,"KSH",1976,15.2,"techyshop.co.ke","Kenya","Enterprise",653.622167332424,0.977782015270853,"Mid-market"
"HS_031","HubtechShop","Generic","194","Server cabinet","Glass",42,800,800,55000,423.5,"KSH",1310,10.1,"techyshop.co.ke","Kenya","Enterprise",491.38635055089,0.861847301059985,"Mid-market"
"HS_032","HubtechShop","Generic","195","Server cabinet","Glass",42,1000,800,60000,462,"KSH",1429,11,"techyshop.co.ke","Kenya","Enterprise",549.927419811648,0.840110864372314,"Mid-market"
"HS_033","HubtechShop","Generic","191","Network Data Cabinet","Glass",42,600,600,46000,354.2,"KSH",1095,8.4,"techyshop.co.ke","Kenya","Enterprise",369.419150046848,0.958802487513391,"Mid-market"
"MIC_001","Microview","Microview","G6409BK","Data Rack","Glass",9,450,45,54578,39.84194,"NGN",6064,4.4,"microviewing.com","Nigeria","Small",62.6012340009524,0.636440169843838,"Budget"
"MIC_002","Microview","Microview","G6669BK","Data Rack","Glass",9,600,60,65965,48.15445,"NGN",7329,5.4,"microviewing.com","Nigeria","Small",69.0035148908359,0.697855030663013,"Budget"
"MIC_003","Microview","Microview","G6622BK","Network Data Cabinet","Glass",18,600,600,181279,132.33367,"NGN",10071,7.4,"microviewing.com","Nigeria","Medium",128.639861722604,1.02871433650451,"Mid-market"
"MIC_004","Microview","Microview","P8842BK","Network Data Cabinet","Mesh",42,800,1000,334974,244.53102,"NGN",7976,5.8,"microviewing.com","Nigeria","Enterprise",308.667934840039,0.79221387257709,"Budget"
"MIC_005","Microview","Microview","G6842BK","Network Data Cabinet","Glass",42,800,800,275018,200.76314,"NGN",6548,4.8,"microviewing.com","Nigeria","Enterprise",259.698904763189,0.773061173219307,"Budget"
"MIC_006","Microview","Microview","DR5340000","Open Frame","Glass",42,800,600,47000,34.31,"NGN",1119,0.8,"microviewing.com","Nigeria","Enterprise",218.498630802553,0.157026155605544,"Budget"
"DC_001","Datacomm Express","Netrack","NRFL22U","Network Data Cabinet","Glass",22,800,800,418588,305.56924,"NGN",19027,13.9,"datacommexpress.com","Nigeria","Large",183.433108929939,1.66583471098835,"Premium"
"DC_002","Datacomm Express","Netrack","NRFL42U_81042","Network Data Cabinet","Glass",42,1000,800,776937,567.16401,"NGN",18499,13.5,"datacommexpress.com","Nigeria","Enterprise",290.638005032541,1.95144475319564,"Premium"
"DC_003","Datacomm Express","Netrack","WMDATCAB9U","Wall Mounted","Glass",9,450,60,147094,107.37862,"NGN",16344,11.9,"datacommexpress.com","Nigeria","Small",63.4175556985744,1.69320023165784,"Premium"
"DC_004","Datacomm Express","Netrack","NRFL42U_6842","Network Data Cabinet","Glass",42,800,800,709924,518.24452,"NGN",16903,12.3,"datacommexpress.com","Nigeria","Enterprise",259.698904763189,1.99555912826267,"Premium"
"DC_005","Datacomm Express","Netrack","NRFL42U_6642","Network Data Cabinet","Glass",42,600,800,658655,480.81815,"NGN",15682,11.4,"datacommexpress.com","Nigeria","Enterprise",232.053344598373,2.0720155998276,"Premium"
"TNW_001","The Network Warehouse","Linkbasic","CAB_9U0","Outdoor Network Cabinet","Solid",9,450,90,3559,217.099,"ZAR",395,24.1,"tnw.co.za","South Africa","Small",133.291188253324,1.62875733081017,"Premium"
"TNW_002","The Network Warehouse","Linkbasic","CAB_9US","Wall Mounted","Glass",9,550,75,1898,115.778,"ZAR",211,12.9,"tnw.co.za","South Africa","Small",139.192545654337,0.831783048838811,"Mid-market"
"TNW_003","The Network Warehouse","Linkbasic","CAB_9U","Wall Mounted","Glass",9,450,45,1438,87.718,"ZAR",160,9.7,"tnw.co.za","South Africa","Small",128.209918758953,0.684174834904296,"Budget"
"TNW_004","The Network Warehouse","Linkbasic","CAB_9UB","Network Data Cabinet","Glass",9,600,60,1524,92.964,"ZAR",169,10.3,"tnw.co.za","South Africa","Small",141.322055058878,0.657816644127269,"Budget"
"TNW_005","The Network Warehouse","Linkbasic","CAB_18UO","Outdoor Network Cabinet","Solid",18,600,800,8274,504.714,"ZAR",460,28,"tnw.co.za","South Africa","Medium",313.137942466741,1.61179445717795,"Premium"
"TNW_006","The Network Warehouse","Linkbasic","CAB_18U","Network Data Cabinet","Glass",18,600,600,4019,245.159,"ZAR",223,13.6,"tnw.co.za","South Africa","Medium",263.459762156878,0.9305367847938,"Mid-market"
"TNW_007","The Network Warehouse","Linkbasic","CAB_22U","Network Data Cabinet","Glass",22,600,600,4543,277.123,"ZAR",207,12.6,"tnw.co.za","South Africa","Large",282.431266594656,0.981205102895798,"Mid-market"
"TNW_008","The Network Warehouse","Linkbasic","CAB_22UO","Open Frame","Unknown",22,600,600,2358,143.838,"ZAR",107,6.5,"tnw.co.za","South Africa","Large",282.431266594656,0.509284973063678,"Budget"
"TNW_009","The Network Warehouse","Linkbasic","CAB_4200","Outdoor Network Cabinet","Solid",42,800,1300,16095,981.795,"ZAR",383,23.4,"tnw.co.za","South Africa","Enterprise",819.147941925135,1.19855638981722,"Mid-market"
"TNW_010","The Network Warehouse","Linkbasic","CAB_42UIV","Network Data Cabinet","Perforated",42,1000,1000,10919,666.059,"ZAR",260,15.9,"tnw.co.za","South Africa","Enterprise",707.477337738281,0.941456304634873,"Mid-market"
"TNW_011","The Network Warehouse","Linkbasic","CAB_42U","Network Data Cabinet","Glass",42,800,800,7700,469.7,"ZAR",183,11.2,"tnw.co.za","South Africa","Enterprise",531.874107800671,0.883103714039091,"Mid-market"
"TNW_012","The Network Warehouse","Linkbasic","CAB_42UIM","Network Data Cabinet","Glass",42,1000,800,8500,518.5,"ZAR",202,12.3,"tnw.co.za","South Africa","Enterprise",595.238665948971,0.871079164814287,"Mid-market"
"SW_001","Server Warehouse","Linkbasic","CAB_9USO","Wall Mounted","Glass",9,450,90,2109,128.649,"ZAR",234,14.3,"server-warehouse.co.za","South Africa","Small",133.291188253324,0.965172579566912,"Mid-market"
"SW_002","Server Warehouse","Linkbasic","CAB_9UB","Wall Mounted","Glass",9,550,45,1694,103.334,"ZAR",188,11.5,"server-warehouse.co.za","South Africa","Small",135.632188025391,0.761869298906061,"Budget"
"SW_003","Server Warehouse","Linkbasic","CAB_9UO","Outdoor Network Cabinet","Solid",9,450,60,3955,241.255,"ZAR",439,26.8,"server-warehouse.co.za","South Africa","Small",129.881779389236,1.85749688012047,"Premium"
"SW_004","Server Warehouse","Linkbasic","CAB_9U","Wall Mounted","Glass",9,450,45,1598,97.478,"ZAR",178,10.8,"server-warehouse.co.za","South Africa","Small",128.209918758953,0.760299990387389,"Budget"
"SW_005","Server Warehouse","Linkbasic","CAB_18U0","Outdoor Network Cabinet","Solid",18,600,600,9194,560.834,"ZAR",511,31.2,"server-warehouse.co.za","South Africa","Medium",263.459762156878,2.12872734495999,"Premium"
"SW_006","Server Warehouse","Linkbasic","CAB_18U6","Network Data Cabinet","Glass",18,600,600,4466,272.426,"ZAR",248,15.1,"server-warehouse.co.za","South Africa","Medium",263.459762156878,1.03403266506323,"Mid-market"
"SW_007","Server Warehouse","Linkbasic","CAB_22UR","Open Frame","Unknown",22,600,500,2620,159.82,"ZAR",119,7.3,"server-warehouse.co.za","South Africa","Large",259.061022046123,0.616920286725132,"Budget"
"SW_008","Server Warehouse","Linkbasic","CAB_22U6","Network Data Cabinet","Glass",22,600,600,5048,307.928,"ZAR",229,14,"server-warehouse.co.za","South Africa","Large",282.431266594656,1.09027588805151,"Mid-market"
"SW_009","Server Warehouse","Linkbasic","CAB_42U","Network Data Cabinet","Perforated",42,800,800,8555,521.855,"ZAR",204,12.4,"server-warehouse.co.za","South Africa","Enterprise",531.874107800671,0.981162632935639,"Mid-market"
"SW_010","Server Warehouse","Linkbasic","CAB_42UIM","Server cabinet","Perforated",42,1000,800,9450,576.45,"ZAR",225,13.7,"server-warehouse.co.za","South Africa","Enterprise",595.238665948971,0.968435071470002,"Mid-market"
"SW_011","Server Warehouse","Scoop","CAB_42UO","Server cabinet","Solid",42,800,1000,17883,1090.863,"ZAR",426,26,"server-warehouse.co.za","South Africa","Enterprise",632.164708585986,1.72559933381922,"Premium"
"HR_001","HaganeRack","HaganeRack","HR960DDG","Wall Mounted","Glass",9,600,90,3125000,181.25,"IDR",347222,20.1,"haganerack.com","Indonesia","Small",146.614813123909,1.23623252069911,"Premium"
"HR_002","HaganeRack","HaganeRack","HR950SDG","Wall Mounted","Glass",9,500,60,2100000,121.8,"IDR",233333,13.5,"haganerack.com","Indonesia","Small",135.046551459416,0.901911220121777,"Mid-market"
"HR_003","HaganeRack","HaganeRack","HR960SDG","Wall Mounted","Glass",9,600,60,2850000,165.3,"IDR",316667,18.4,"haganerack.com","Indonesia","Small",142.864603901366,1.15703957093615,"Mid-market"
"HR_004","HaganeRack","HaganeRack","HR945SDG","Wall Mounted","Perforated",9,450,45,2550000,147.9,"IDR",283333,16.4,"haganerack.com","Indonesia","Small",129.609346906915,1.14112140466398,"Mid-market"
"HR_005","HaganeRack","HaganeRack","HR189P","Server cabinet","Perforated",18,900,800,6950000,403.1,"IDR",386111,22.4,"haganerack.com","Indonesia","Medium",374.777767221727,1.07557073886274,"Mid-market"
"HR_006","HaganeRack","HaganeRack","HR186P","Network Data Cabinet","Perforated",18,600,600,6200000,359.6,"IDR",344444,20,"haganerack.com","Indonesia","Medium",266.335460157363,1.35017695273296,"Premium"
"HR_007","HaganeRack","HaganeRack","HR189G","Network Data Cabinet","Glass",18,900,600,6950000,403.1,"IDR",386111,22.4,"haganerack.com","Indonesia","Medium",315.320655925971,1.2783812047335,"Premium"
"HR_008","HaganeRack","HaganeRack","HR186G","Network Data Cabinet","Glass",18,600,600,6200000,359.6,"IDR",344444,20,"haganerack.com","Indonesia","Medium",266.335460157363,1.35017695273296,"Premium"
"HR_009","HaganeRack","HaganeRack","HR2212P","Server cabinet","Perforated",22,1200,1200,7950000,461.1,"IDR",361364,21,"haganerack.com","Indonesia","Large",671.952420721124,0.686209299618503,"Budget"
"HR_010","HaganeRack","HaganeRack","HR2212G","Server cabinet","Glass",22,1200,1200,7950000,461.1,"IDR",361364,21,"haganerack.com","Indonesia","Large",671.952420721124,0.686209299618503,"Budget"
"HR_011","HaganeRack","HaganeRack","HR229P","Server cabinet","Perforated",22,900,1000,7950000,461.1,"IDR",361364,21,"haganerack.com","Indonesia","Large",477.522342115708,0.965609269625067,"Mid-market"
"HR_012","HaganeRack","HaganeRack","HR226P","Server cabinet","Perforated",22,600,800,6550000,379.9,"IDR",297727,17.3,"haganerack.com","Indonesia","Large",339.350793579934,1.11949053070511,"Mid-market"
"HR_013","HaganeRack","HaganeRack","HR226G","Server cabinet","Glass",22,600,800,6550000,379.9,"IDR",297727,17.3,"haganerack.com","Indonesia","Large",339.350793579934,1.11949053070511,"Mid-market"
"HR_014","HaganeRack","HaganeRack","HR229G","Server cabinet","Glass",22,900,1000,7350000,426.3,"IDR",334091,19.4,"haganerack.com","Indonesia","Large",477.522342115708,0.892733098332609,"Mid-market"
"HR_015","HaganeRack","HaganeRack","HR426P","Server cabinet","Perforated",42,600,1000,8200000,475.6,"IDR",195238,11.3,"haganerack.com","Indonesia","Enterprise",571.034908865081,0.832873774644083,"Mid-market"
"HR_016","HaganeRack","HaganeRack","HR426G","Server cabinet","Glass",42,600,800,8200000,475.6,"IDR",195238,11.3,"haganerack.com","Indonesia","Enterprise",480.442325474012,0.989921109741457,"Mid-market"
"HR_017","HaganeRack","HaganeRack","HR4212HD24","Server cabinet","Mesh",42,1200,1200,17700000,1026.6,"IDR",421429,24.4,"haganerack.com","Indonesia","Enterprise",951.329390491333,1.07912150119717,"Mid-market"
"HR_018","HaganeRack","HaganeRack","HR429HD24","Server cabinet","Perforated",42,900,1000,17700000,1026.6,"IDR",421429,24.4,"haganerack.com","Indonesia","Enterprise",676.061317233452,1.51850131612471,"Premium"
"HR_019","HaganeRack","HaganeRack","HR4212HD","Server cabinet","Mesh",42,1200,1200,17700000,1026.6,"IDR",421429,24.4,"haganerack.com","Indonesia","Enterprise",951.329390491333,1.07912150119717,"Mid-market"
"HR_020","HaganeRack","HaganeRack","HR429HD","Server cabinet","Perforated",42,900,1000,16200000,939.6,"IDR",385714,22.4,"haganerack.com","Indonesia","Enterprise",676.061317233452,1.38981476391075,"Premium"
"HR_021","HaganeRack","HaganeRack","HOR_42","Open Frame","Unknown",42,500,600,2600000,150.8,"IDR",61905,3.6,"haganerack.com","Indonesia","Enterprise",382.101479530933,0.394659555323161,"Budget"
"HR_022","HaganeRack","HaganeRack","HOR_42DC","Open Frame","Unknown",42,500,600,4900000,284.2,"IDR",116667,6.8,"haganerack.com","Indonesia","Enterprise",382.101479530933,0.743781469647496,"Budget"
"HR_023","HaganeRack","HaganeRack","HR4212P","Network Data Cabinet","Perforated",42,1200,1200,7950000,461.1,"IDR",189286,11,"haganerack.com","Indonesia","Enterprise",951.329390491333,0.484690165791951,"Budget"
"HR_024","HaganeRack","HaganeRack","HR429P","Network Data Cabinet","Perforated",42,900,100,9900000,574.2,"IDR",235714,13.7,"haganerack.com","Indonesia","Enterprise",310.73472956181,1.8478784164542,"Premium"
"SW_001","Server Werk","ServerWerk","FS42810","Network Data Cabinet","Solid",42,1000,1000,1650,1303.5,"SGD",39,31,"serverwerk.com.sg","Singapore","Enterprise",1268.32356540991,1.02773459040692,"Mid-market"
"SW_002","Server Werk","ServerWerk","FS42610","Network Data Cabinet","Solid",42,1000,800,1360,1074.4,"SGD",32,25.6,"serverwerk.com.sg","Singapore","Enterprise",1067.10870694422,1.00683275565866,"Mid-market"
"SW_003","Server Werk","ServerWerk","FS4268","Network Data Cabinet","Solid",42,800,800,1180,932.2,"SGD",28,22.2,"serverwerk.com.sg","Singapore","Enterprise",953.512471383945,0.977648460797779,"Mid-market"
"SW_004","Server Werk","ServerWerk","FS22810","Network Data Cabinet","Solid",22,1000,800,1230,971.7,"SGD",56,44.2,"serverwerk.com.sg","Singapore","Large",753.730817076329,1.2891870386422,"Premium"
"SW_005","Server Werk","ServerWerk","FS22610","Network Data Cabinet","Solid",22,1000,800,1080,853.2,"SGD",49,38.8,"serverwerk.com.sg","Singapore","Large",753.730817076329,1.13196910710047,"Mid-market"
"SW_006","Server Werk","ServerWerk","VW0945","Wall Mounted","Glass",9,450,45,295,233.05,"SGD",33,25.9,"serverwerk.com.sg","Singapore","Small",229.847166272661,1.01393462351213,"Mid-market"
"SW_007","Server Werk","ServerWerk","VW0960","Wall Mounted","Glass",9,600,60,310,244.9,"SGD",34,27.2,"serverwerk.com.sg","Singapore","Small",253.353829419253,0.966632320345696,"Mid-market"
"SR_001","Server Rack","ServerRack","W6409G","Wall Mounted","Glass",9,450,60,206,162.74,"SGD",23,18.1,"server-rack.com.sg","Singapore","Small",232.844379218375,0.698921745701119,"Budget"
"SR_002","Server Rack","ServerRack","W6409M","Wall Mounted","Mesh",9,450,60,246,194.34,"SGD",27,21.6,"server-rack.com.sg","Singapore","Small",232.844379218375,0.834634706031434,"Mid-market"
"SR_003","Server Rack","ServerRack","W6609M","Wall Mounted","Mesh",9,600,60,283,223.57,"SGD",31,24.8,"server-rack.com.sg","Singapore","Small",253.353829419253,0.882441763412361,"Mid-market"
"SR_004","Server Rack","ServerRack","W6609G","Wall Mounted","Glass",9,600,60,263,207.77,"SGD",29,23.1,"server-rack.com.sg","Singapore","Small",253.353829419253,0.820078387906187,"Mid-market"
"SR_005","Server Rack","ServerRack","F6618G","Server cabinet","Glass",18,600,800,640,505.6,"SGD",36,28.1,"server-rack.com.sg","Singapore","Medium",561.375199556516,0.90064541575656,"Mid-market"
"SR_006","Server Rack","ServerRack","F6818G","Server cabinet","Glass",18,800,800,750,592.5,"SGD",42,32.9,"server-rack.com.sg","Singapore","Medium",628.254355645542,0.943089362892194,"Mid-market"
"SR_007","Server Rack","ServerRack","F6022G","Server cabinet","Glass",22,1000,800,1000,790,"SGD",45,35.9,"server-rack.com.sg","Singapore","Large",753.730817076329,1.04811954361155,"Mid-market"
"SR_008","Server Rack","ServerRack","F6622G","Network Data Cabinet","Glass",22,600,800,785,620.15,"SGD",36,28.2,"server-rack.com.sg","Singapore","Large",601.799331129609,1.03049300310113,"Mid-market"
"SR_009","Server Rack","ServerRack","F6822G","Network Data Cabinet","Glass",22,800,800,896,707.84,"SGD",41,32.2,"server-rack.com.sg","Singapore","Large",673.494396092728,1.05099612425364,"Mid-market"
"SR_010","Server Rack","ServerRack","F8042M","Network Data Cabinet","Perforated",42,1000,800,1774,1401.46,"SGD",42,33.4,"server-rack.com.sg","Singapore","Enterprise",1067.10870694422,1.3133244915724,"Premium"
"SR_011","Server Rack","ServerRack","F6642G","Network Data Cabinet","Glass",42,600,800,1184,935.36,"SGD",28,22.3,"server-rack.com.sg","Singapore","Enterprise",852.008822688991,1.09782900727242,"Mid-market"
"SR_012","Server Rack","ServerRack","F6842G","Network Data Cabinet","Glass",42,800,800,1280,1011.2,"SGD",30,24.1,"server-rack.com.sg","Singapore","Enterprise",953.512471383945,1.06050002527217,"Mid-market"
"SR_013","Server Rack","ServerRack","F6042G","Server cabinet","Glass",42,1000,800,1500,1185,"SGD",36,28.2,"server-rack.com.sg","Singapore","Enterprise",1067.10870694422,1.11047730403529,"Mid-market"
"TRSG_001","Tu Rack Sai Gon","TMC","TM421OBN-C","Network Data Cabinet","Mesh",42,1000,1000,7500000,285,"VND",178571,6.8,"turacksaigon.com","Vietnam","Enterprise",369.993724437421,0.770283335030467,"Budget"
"TRSG_002","Tu Rack Sai Gon","TMC","TM42810BN-B","Network Data Cabinet","Mesh",42,1000,1300,11200000,425.6,"VND",266667,10.1,"turacksaigon.com","Vietnam","Enterprise",479.431378850698,0.887718282062089,"Mid-market"
"TRSG_003","Tu Rack Sai Gon","TMC","TM945WBN-B","Wall Mounted","Mesh",9,450,45,1600000,60.8,"VND",177778,6.8,"turacksaigon.com","Vietnam","Small",67.0507206677377,0.906776234386616,"Mid-market"
"TRSG_004","Tu Rack Sai Gon","TMC","TM945WGN-B","Wall Mounted","Mesh",9,450,45,1600000,60.8,"VND",177778,6.8,"turacksaigon.com","Vietnam","Small",67.0507206677377,0.906776234386616,"Mid-market"
"TRSG_005","Tu Rack Sai Gon","TMC","TM42102BN-B","Network Data Cabinet","Mesh",42,1000,1000,9200000,349.6,"VND",219048,8.3,"turacksaigon.com","Vietnam","Enterprise",369.993724437421,0.944880890970706,"Mid-market"
"TRSG_006","Tu Rack Sai Gon","TMC","TM4282BN-B","Network Data Cabinet","Mesh",42,800,800,8600000,326.8,"VND",204762,7.8,"turacksaigon.com","Vietnam","Enterprise",278.157435694144,1.17487421892738,"Mid-market"
"TRSG_007","Tu Rack Sai Gon","TMC","TM4262BN-B","Network Data Cabinet","Mesh",42,600,800,8e+06,304,"VND",190476,7.2,"turacksaigon.com","Vietnam","Enterprise",248.546921430384,1.22310909445381,"Premium"
"TRSG_008","Tu Rack Sai Gon","TMC","TM4210BG-B","Network Data Cabinet","Glass",42,1000,1300,9200000,349.6,"VND",219048,8.3,"turacksaigon.com","Vietnam","Enterprise",479.431378850698,0.729197160265287,"Budget"
"TRSG_009","Tu Rack Sai Gon","TMC","TM42810BN-B","Network Data Cabinet","Mesh",42,1000,1300,11200000,425.6,"VND",266667,10.1,"turacksaigon.com","Vietnam","Enterprise",479.431378850698,0.887718282062089,"Mid-market"
"TRSG_010","Tu Rack Sai Gon","TMC","TM4210BN-B","Network Data Cabinet","Glass",42,1000,1000,8800000,334.4,"VND",209524,8,"turacksaigon.com","Vietnam","Enterprise",369.993724437421,0.903799113102415,"Mid-market"
"TRSG_011","Tu Rack Sai Gon","TMC","TM428BN-B","Network Data Cabinet","Mesh",42,800,1000,8200000,311.6,"VND",195238,7.4,"turacksaigon.com","Vietnam","Enterprise",330.607020905243,0.942508719708373,"Mid-market"
"TRSG_012","Tu Rack Sai Gon","TMC","TM426BN-B","Network Data Cabinet","Mesh",42,600,800,7600000,288.8,"VND",180952,6.9,"turacksaigon.com","Vietnam","Enterprise",248.546921430384,1.16195363973112,"Mid-market"
"TRSG_013","Tu Rack Sai Gon","TMC","TM945WWM-C","Wall Mounted","Mica",9,450,60,1400000,53.2,"VND",155556,5.9,"turacksaigon.com","Vietnam","Small",67.9250637856614,0.783216047729796,"Budget"
"TRSG_014","Tu Rack Sai Gon","TMC","TM945WBM-C","Wall Mounted","Mica",9,450,45,1400000,53.2,"VND",155556,5.9,"turacksaigon.com","Vietnam","Small",67.0507206677377,0.793429205088289,"Budget"
"TRSG_015","Tu Rack Sai Gon","TMC","TM945WBN-C","Wall Mounted","Mesh",9,450,60,1400000,53.2,"VND",155556,5.9,"turacksaigon.com","Vietnam","Small",67.9250637856614,0.783216047729796,"Budget"
"TRSG_016","Tu Rack Sai Gon","TMC","TM945WWN-C","Wall Mounted","Mesh",9,450,45,1400000,53.2,"VND",155556,5.9,"turacksaigon.com","Vietnam","Small",67.0507206677377,0.793429205088289,"Budget"
"CT_001","City Telecom","Vivanco","VA5409","Wall Mounted","Glass",9,450,45,2072070,78.73866,"VND",230230,8.7,"citytelecom.com.vn","Vietnam","Small",67.0507206677377,1.17431489499092,"Mid-market"
"CT_002","City Telecom","Vivanco","VA5609","Wall Mounted","Glass",9,600,45,2368080,89.98704,"VND",263120,10,"citytelecom.com.vn","Vietnam","Small",72.9566971018014,1.23343083739708,"Premium"
"CT_003","City Telecom","Vivanco","WM9U55OC","Wall Mounted","Glass",9,450,45,1534500,58.311,"VND",170500,6.5,"citytelecom.com.vn","Vietnam","Small",67.0507206677377,0.869655082291414,"Mid-market"
"CT_004","City Telecom","Vivanco","WO901MD","Wall Mounted","Glass",9,600,45,1960200,74.4876,"VND",217800,8.3,"citytelecom.com.vn","Vietnam","Small",72.9566971018014,1.02098371991899,"Mid-market"
"CT_005","City Telecom","Vivanco","WO902MD","Wall Mounted","Glass",9,600,45,2455200,93.2976,"VND",272800,10.4,"citytelecom.com.vn","Vietnam","Small",72.9566971018014,1.2788078916157,"Premium"
"CT_006","City Telecom","Vivanco","WO903MD","Wall Mounted","Glass",9,600,45,1780000,67.64,"VND",197778,7.5,"citytelecom.com.vn","Vietnam","Small",72.9566971018014,0.927125304283133,"Mid-market"
"CT_007","City Telecom","Vivanco","VMG965","Wall Mounted","Glass",9,600,70,2851000,108.338,"VND",316778,12,"citytelecom.com.vn","Vietnam","Small",74.5491745639801,1.45324211345924,"Premium"
"CT_008","City Telecom","Vivanco","VM965","Wall Mounted","Glass",9,600,100,3475000,132.05,"VND",386111,14.7,"citytelecom.com.vn","Vietnam","Small",76.5060973730466,1.72600622086524,"Premium"
"CT_009","City Telecom","Vivanco","VM9UW550C","Wall Mounted","Solid",9,450,45,1356000,51.528,"VND",150667,5.7,"citytelecom.com.vn","Vietnam","Small",67.0507206677377,0.768492858642657,"Budget"
"CT_010","City Telecom","Vivanco","9WM2TW550C","Wall Mounted","Solid",9,500,70,1950000,74.1,"VND",216667,8.2,"citytelecom.com.vn","Vietnam","Small",70.4695821363995,1.05151751654456,"Mid-market"
"CT_011","City Telecom","Vivanco","VB8042","Server cabinet","Perforated",42,1000,1600,15830100,601.5438,"VND",376907,14.3,"citytelecom.com.vn","Vietnam","Enterprise",621.2387720256,0.968297258779611,"Mid-market"
"CT_012","City Telecom","Vivanco","VB8042.56","Server cabinet","Perforated",42,1000,1600,15984540,607.41252,"VND",380584,14.5,"citytelecom.com.vn","Vietnam","Enterprise",621.2387720256,0.97774406130429,"Mid-market"
"CT_013","City Telecom","Vivanco","VE6642","Network Data Cabinet","Perforated",42,600,1300,9884160,375.59808,"VND",235337,8.9,"citytelecom.com.vn","Vietnam","Enterprise",382.791145828495,0.981208902277698,"Mid-market"
"CT_014","City Telecom","Vivanco","VE6642.55","Network Data Cabinet","Perforated",42,600,1300,11994840,455.80392,"VND",285591,10.9,"citytelecom.com.vn","Vietnam","Enterprise",382.791145828495,1.19073788661825,"Mid-market"
"CT_015","City Telecom","Vivanco","VE6642.56","Network Data Cabinet","Perforated",42,600,1300,11801790,448.46802,"VND",280995,10.7,"citytelecom.com.vn","Vietnam","Enterprise",382.791145828495,1.17157365024564,"Mid-market"
"CT_016","City Telecom","Vivanco","VE6682.13","Network Data Cabinet","Glass",42,800,1300,10900890,414.23382,"VND",259545,9.9,"citytelecom.com.vn","Vietnam","Enterprise",428.394779212345,0.96694413681142,"Mid-market"
"CT_017","City Telecom","Vivanco","VE6842.55","Network Data Cabinet","Perforated",42,800,1300,13011570,494.43966,"VND",309799,11.8,"citytelecom.com.vn","Vietnam","Enterprise",428.394779212345,1.15416826719757,"Mid-market"
"CT_018","City Telecom","Vivanco","VE6842.56","Network Data Cabinet","Perforated",42,800,1300,12779910,485.63658,"VND",304284,11.6,"citytelecom.com.vn","Vietnam","Enterprise",428.394779212345,1.13361927727714,"Mid-market"
"CT_019","City Telecom","Vivanco","VE6042.13","Server cabinet","Glass",42,1000,1300,11866140,450.91332,"VND",282527,10.7,"citytelecom.com.vn","Vietnam","Enterprise",479.431378850698,0.94051691209895,"Mid-market"
"CT_020","City Telecom","Vivanco","VE6042.55","Server cabinet","Perforated",42,1000,1300,14015430,532.58634,"VND",333701,12.7,"citytelecom.com.vn","Vietnam","Enterprise",479.431378850698,1.11087084303227,"Mid-market"
